{
  "vix": 15.739999771118164,
  "timestamp": 1765784935.075545,
  "datetime": "2025-12-15T15:48:55.075547"
}