{
  "vix": 14.90999984741211,
  "timestamp": 1766304174.3381288,
  "datetime": "2025-12-21T16:02:54.338131"
}